method,kind,dataset_label,dataset,k,num_samples,mean_recall,mean_regret,checkpoint
coord_unshared_rank_knn_linf,graph,jittered_grid4_d3_n64_test,data/jittered_grid4_d3_n64_test.npz,4.0,1000.0,0.5308333333333333,0.8580855117414791,checkpoints/ablations/coord_unshared_rank_knn_linf.pt
coord_unshared_rank_knn_linf,graph,jittered_grid4_d3_n64_test,data/jittered_grid4_d3_n64_test.npz,8.0,1000.0,0.7193333333333333,0.9459855491554401,checkpoints/ablations/coord_unshared_rank_knn_linf.pt
coord_unshared_rank_knn_linf,graph,jittered_grid4_d3_n64_test,data/jittered_grid4_d3_n64_test.npz,16.0,1000.0,0.887,0.9839666145362269,checkpoints/ablations/coord_unshared_rank_knn_linf.pt
depth0_no_graph,graph,jittered_grid4_d3_n64_test,data/jittered_grid4_d3_n64_test.npz,4.0,1000.0,0.3886666666666666,0.663992796847158,checkpoints/ablations/depth0_no_graph.pt
depth0_no_graph,graph,jittered_grid4_d3_n64_test,data/jittered_grid4_d3_n64_test.npz,8.0,1000.0,0.5561666666666666,0.8534649226714184,checkpoints/ablations/depth0_no_graph.pt
depth0_no_graph,graph,jittered_grid4_d3_n64_test,data/jittered_grid4_d3_n64_test.npz,16.0,1000.0,0.7476666666666665,0.946938763640483,checkpoints/ablations/depth0_no_graph.pt
depth1_rank_knn_linf,graph,jittered_grid4_d3_n64_test,data/jittered_grid4_d3_n64_test.npz,4.0,1000.0,0.493,0.7985839338546864,checkpoints/ablations/depth1_rank_knn_linf.pt
depth1_rank_knn_linf,graph,jittered_grid4_d3_n64_test,data/jittered_grid4_d3_n64_test.npz,8.0,1000.0,0.682,0.9357349628305025,checkpoints/ablations/depth1_rank_knn_linf.pt
depth1_rank_knn_linf,graph,jittered_grid4_d3_n64_test,data/jittered_grid4_d3_n64_test.npz,16.0,1000.0,0.8653333333333333,0.9804884554441562,checkpoints/ablations/depth1_rank_knn_linf.pt
depth2_rank_knn_linf,graph,jittered_grid4_d3_n64_test,data/jittered_grid4_d3_n64_test.npz,4.0,1000.0,0.5311666666666667,0.8312442672386455,checkpoints/ablations/depth2_rank_knn_linf.pt
depth2_rank_knn_linf,graph,jittered_grid4_d3_n64_test,data/jittered_grid4_d3_n64_test.npz,8.0,1000.0,0.7313333333333333,0.9481315968859247,checkpoints/ablations/depth2_rank_knn_linf.pt
depth2_rank_knn_linf,graph,jittered_grid4_d3_n64_test,data/jittered_grid4_d3_n64_test.npz,16.0,1000.0,0.8956666666666666,0.9849359371856076,checkpoints/ablations/depth2_rank_knn_linf.pt
flat_mlp,graph,jittered_grid4_d3_n64_test,data/jittered_grid4_d3_n64_test.npz,4.0,1000.0,0.074,0.38902865393753805,checkpoints/ablations/flat_mlp.pt
flat_mlp,graph,jittered_grid4_d3_n64_test,data/jittered_grid4_d3_n64_test.npz,8.0,1000.0,0.1645,0.6307560246844378,checkpoints/ablations/flat_mlp.pt
flat_mlp,graph,jittered_grid4_d3_n64_test,data/jittered_grid4_d3_n64_test.npz,16.0,1000.0,0.29116666666666663,0.7842657001068392,checkpoints/ablations/flat_mlp.pt
knn_euclidean,graph,jittered_grid4_d3_n64_test,data/jittered_grid4_d3_n64_test.npz,4.0,1000.0,0.5391666666666667,0.8439823551120779,checkpoints/ablations/knn_euclidean.pt
knn_euclidean,graph,jittered_grid4_d3_n64_test,data/jittered_grid4_d3_n64_test.npz,8.0,1000.0,0.7308333333333332,0.9507355653266761,checkpoints/ablations/knn_euclidean.pt
knn_euclidean,graph,jittered_grid4_d3_n64_test,data/jittered_grid4_d3_n64_test.npz,16.0,1000.0,0.8986666666666666,0.9857500893476713,checkpoints/ablations/knn_euclidean.pt
knn_linf,graph,jittered_grid4_d3_n64_test,data/jittered_grid4_d3_n64_test.npz,4.0,1000.0,0.5175,0.8216164451876602,checkpoints/ablations/knn_linf.pt
knn_linf,graph,jittered_grid4_d3_n64_test,data/jittered_grid4_d3_n64_test.npz,8.0,1000.0,0.7105,0.9434261877288297,checkpoints/ablations/knn_linf.pt
knn_linf,graph,jittered_grid4_d3_n64_test,data/jittered_grid4_d3_n64_test.npz,16.0,1000.0,0.8766666666666666,0.9822357933453493,checkpoints/ablations/knn_linf.pt
local,local,jittered_grid4_d3_n64_test,data/jittered_grid4_d3_n64_test.npz,4.0,1000.0,0.1765,0.6811172855449659,
local,local,jittered_grid4_d3_n64_test,data/jittered_grid4_d3_n64_test.npz,8.0,1000.0,0.2736666666666666,0.7690785735947152,
local,local,jittered_grid4_d3_n64_test,data/jittered_grid4_d3_n64_test.npz,16.0,1000.0,0.4293333333333333,0.8566996684737344,
random,random,jittered_grid4_d3_n64_test,data/jittered_grid4_d3_n64_test.npz,4.0,1000.0,0.08516666666666665,0.424307270096453,
random,random,jittered_grid4_d3_n64_test,data/jittered_grid4_d3_n64_test.npz,8.0,1000.0,0.1456666666666667,0.5947601159987211,
random,random,jittered_grid4_d3_n64_test,data/jittered_grid4_d3_n64_test.npz,16.0,1000.0,0.289,0.7648947852907204,
rank_adjacency,graph,jittered_grid4_d3_n64_test,data/jittered_grid4_d3_n64_test.npz,4.0,1000.0,0.5643333333333332,0.8168646449133895,checkpoints/ablations/rank_adjacency.pt
rank_adjacency,graph,jittered_grid4_d3_n64_test,data/jittered_grid4_d3_n64_test.npz,8.0,1000.0,0.753,0.9459677949922164,checkpoints/ablations/rank_adjacency.pt
rank_adjacency,graph,jittered_grid4_d3_n64_test,data/jittered_grid4_d3_n64_test.npz,16.0,1000.0,0.8966666666666666,0.9854036437942176,checkpoints/ablations/rank_adjacency.pt
rank_knn_euclidean,graph,jittered_grid4_d3_n64_test,data/jittered_grid4_d3_n64_test.npz,4.0,1000.0,0.5271666666666667,0.828994406613646,checkpoints/ablations/rank_knn_euclidean.pt
rank_knn_euclidean,graph,jittered_grid4_d3_n64_test,data/jittered_grid4_d3_n64_test.npz,8.0,1000.0,0.72,0.9461376826814659,checkpoints/ablations/rank_knn_euclidean.pt
rank_knn_euclidean,graph,jittered_grid4_d3_n64_test,data/jittered_grid4_d3_n64_test.npz,16.0,1000.0,0.8873333333333333,0.984545565601223,checkpoints/ablations/rank_knn_euclidean.pt
rank_knn_linf,graph,jittered_grid4_d3_n64_test,data/jittered_grid4_d3_n64_test.npz,4.0,1000.0,0.5311666666666667,0.8312442672386455,checkpoints/ablations/rank_knn_linf.pt
rank_knn_linf,graph,jittered_grid4_d3_n64_test,data/jittered_grid4_d3_n64_test.npz,8.0,1000.0,0.7313333333333333,0.9481315968859247,checkpoints/ablations/rank_knn_linf.pt
rank_knn_linf,graph,jittered_grid4_d3_n64_test,data/jittered_grid4_d3_n64_test.npz,16.0,1000.0,0.8956666666666666,0.9849359371856076,checkpoints/ablations/rank_knn_linf.pt
coord_unshared_rank_knn_linf,graph,uniform_d3_n128_test,data/uniform_d3_n128_test.npz,4.0,1000.0,0.402,0.7847206306720939,checkpoints/ablations/coord_unshared_rank_knn_linf.pt
coord_unshared_rank_knn_linf,graph,uniform_d3_n128_test,data/uniform_d3_n128_test.npz,8.0,1000.0,0.5681666666666666,0.9182476668994366,checkpoints/ablations/coord_unshared_rank_knn_linf.pt
coord_unshared_rank_knn_linf,graph,uniform_d3_n128_test,data/uniform_d3_n128_test.npz,16.0,1000.0,0.736,0.9653525248519219,checkpoints/ablations/coord_unshared_rank_knn_linf.pt
depth0_no_graph,graph,uniform_d3_n128_test,data/uniform_d3_n128_test.npz,4.0,1000.0,0.3258333333333333,0.5561194478481231,checkpoints/ablations/depth0_no_graph.pt
depth0_no_graph,graph,uniform_d3_n128_test,data/uniform_d3_n128_test.npz,8.0,1000.0,0.4548333333333333,0.772521707542345,checkpoints/ablations/depth0_no_graph.pt
depth0_no_graph,graph,uniform_d3_n128_test,data/uniform_d3_n128_test.npz,16.0,1000.0,0.6025,0.8973395761801193,checkpoints/ablations/depth0_no_graph.pt
depth1_rank_knn_linf,graph,uniform_d3_n128_test,data/uniform_d3_n128_test.npz,4.0,1000.0,0.35083333333333333,0.7263827886096202,checkpoints/ablations/depth1_rank_knn_linf.pt
depth1_rank_knn_linf,graph,uniform_d3_n128_test,data/uniform_d3_n128_test.npz,8.0,1000.0,0.5068333333333332,0.8954635140156837,checkpoints/ablations/depth1_rank_knn_linf.pt
depth1_rank_knn_linf,graph,uniform_d3_n128_test,data/uniform_d3_n128_test.npz,16.0,1000.0,0.6796666666666666,0.9584001178375664,checkpoints/ablations/depth1_rank_knn_linf.pt
depth2_rank_knn_linf,graph,uniform_d3_n128_test,data/uniform_d3_n128_test.npz,4.0,1000.0,0.37966666666666665,0.7647235030181481,checkpoints/ablations/depth2_rank_knn_linf.pt
depth2_rank_knn_linf,graph,uniform_d3_n128_test,data/uniform_d3_n128_test.npz,8.0,1000.0,0.547,0.9160217030694686,checkpoints/ablations/depth2_rank_knn_linf.pt
depth2_rank_knn_linf,graph,uniform_d3_n128_test,data/uniform_d3_n128_test.npz,16.0,1000.0,0.712,0.9640575481068747,checkpoints/ablations/depth2_rank_knn_linf.pt
knn_euclidean,graph,uniform_d3_n128_test,data/uniform_d3_n128_test.npz,4.0,1000.0,0.37016666666666664,0.7685624148442843,checkpoints/ablations/knn_euclidean.pt
knn_euclidean,graph,uniform_d3_n128_test,data/uniform_d3_n128_test.npz,8.0,1000.0,0.5401666666666668,0.9115274233221738,checkpoints/ablations/knn_euclidean.pt
knn_euclidean,graph,uniform_d3_n128_test,data/uniform_d3_n128_test.npz,16.0,1000.0,0.717,0.9639032233832001,checkpoints/ablations/knn_euclidean.pt
knn_linf,graph,uniform_d3_n128_test,data/uniform_d3_n128_test.npz,4.0,1000.0,0.3676666666666667,0.7749913201949474,checkpoints/ablations/knn_linf.pt
knn_linf,graph,uniform_d3_n128_test,data/uniform_d3_n128_test.npz,8.0,1000.0,0.5318333333333333,0.9136104943886618,checkpoints/ablations/knn_linf.pt
knn_linf,graph,uniform_d3_n128_test,data/uniform_d3_n128_test.npz,16.0,1000.0,0.72,0.9646669305306707,checkpoints/ablations/knn_linf.pt
local,local,uniform_d3_n128_test,data/uniform_d3_n128_test.npz,4.0,1000.0,0.11633333333333333,0.7214761693484255,
local,local,uniform_d3_n128_test,data/uniform_d3_n128_test.npz,8.0,1000.0,0.18416666666666667,0.7816936819245648,
local,local,uniform_d3_n128_test,data/uniform_d3_n128_test.npz,16.0,1000.0,0.2798333333333333,0.8449084105078837,
random,random,uniform_d3_n128_test,data/uniform_d3_n128_test.npz,4.0,1000.0,0.04633333333333333,0.3789032812667679,
random,random,uniform_d3_n128_test,data/uniform_d3_n128_test.npz,8.0,1000.0,0.077,0.546204564179036,
random,random,uniform_d3_n128_test,data/uniform_d3_n128_test.npz,16.0,1000.0,0.13766666666666666,0.7106734167410643,
rank_adjacency,graph,uniform_d3_n128_test,data/uniform_d3_n128_test.npz,4.0,1000.0,0.40116666666666667,0.7587433758592874,checkpoints/ablations/rank_adjacency.pt
rank_adjacency,graph,uniform_d3_n128_test,data/uniform_d3_n128_test.npz,8.0,1000.0,0.5566666666666666,0.9065106898712938,checkpoints/ablations/rank_adjacency.pt
rank_adjacency,graph,uniform_d3_n128_test,data/uniform_d3_n128_test.npz,16.0,1000.0,0.723,0.9618916203221825,checkpoints/ablations/rank_adjacency.pt
rank_knn_euclidean,graph,uniform_d3_n128_test,data/uniform_d3_n128_test.npz,4.0,1000.0,0.3475,0.7607086016697123,checkpoints/ablations/rank_knn_euclidean.pt
rank_knn_euclidean,graph,uniform_d3_n128_test,data/uniform_d3_n128_test.npz,8.0,1000.0,0.5183333333333333,0.9070545536508071,checkpoints/ablations/rank_knn_euclidean.pt
rank_knn_euclidean,graph,uniform_d3_n128_test,data/uniform_d3_n128_test.npz,16.0,1000.0,0.689,0.9589810026545604,checkpoints/ablations/rank_knn_euclidean.pt
rank_knn_linf,graph,uniform_d3_n128_test,data/uniform_d3_n128_test.npz,4.0,1000.0,0.37966666666666665,0.7647235030181481,checkpoints/ablations/rank_knn_linf.pt
rank_knn_linf,graph,uniform_d3_n128_test,data/uniform_d3_n128_test.npz,8.0,1000.0,0.547,0.9160217030694686,checkpoints/ablations/rank_knn_linf.pt
rank_knn_linf,graph,uniform_d3_n128_test,data/uniform_d3_n128_test.npz,16.0,1000.0,0.712,0.9640575481068747,checkpoints/ablations/rank_knn_linf.pt
coord_unshared_rank_knn_linf,graph,uniform_d3_n64_test,data/uniform_d3_n64_test.npz,4.0,2000.0,0.59425,0.9026336090147843,checkpoints/ablations/coord_unshared_rank_knn_linf.pt
coord_unshared_rank_knn_linf,graph,uniform_d3_n64_test,data/uniform_d3_n64_test.npz,8.0,2000.0,0.78575,0.9694852879881873,checkpoints/ablations/coord_unshared_rank_knn_linf.pt
coord_unshared_rank_knn_linf,graph,uniform_d3_n64_test,data/uniform_d3_n64_test.npz,16.0,2000.0,0.92075,0.9910803710718223,checkpoints/ablations/coord_unshared_rank_knn_linf.pt
depth0_no_graph,graph,uniform_d3_n64_test,data/uniform_d3_n64_test.npz,4.0,2000.0,0.44425,0.7324692824699589,checkpoints/ablations/depth0_no_graph.pt
depth0_no_graph,graph,uniform_d3_n64_test,data/uniform_d3_n64_test.npz,8.0,2000.0,0.6178333333333332,0.8936062576128481,checkpoints/ablations/depth0_no_graph.pt
depth0_no_graph,graph,uniform_d3_n64_test,data/uniform_d3_n64_test.npz,16.0,2000.0,0.7855,0.9630001446205323,checkpoints/ablations/depth0_no_graph.pt
depth1_rank_knn_linf,graph,uniform_d3_n64_test,data/uniform_d3_n64_test.npz,4.0,2000.0,0.5740833333333333,0.8696221394440433,checkpoints/ablations/depth1_rank_knn_linf.pt
depth1_rank_knn_linf,graph,uniform_d3_n64_test,data/uniform_d3_n64_test.npz,8.0,2000.0,0.769,0.9630161635921213,checkpoints/ablations/depth1_rank_knn_linf.pt
depth1_rank_knn_linf,graph,uniform_d3_n64_test,data/uniform_d3_n64_test.npz,16.0,2000.0,0.9158333333333333,0.9902171733879307,checkpoints/ablations/depth1_rank_knn_linf.pt
depth2_rank_knn_linf,graph,uniform_d3_n64_test,data/uniform_d3_n64_test.npz,4.0,2000.0,0.6075833333333333,0.8842758437432301,checkpoints/ablations/depth2_rank_knn_linf.pt
depth2_rank_knn_linf,graph,uniform_d3_n64_test,data/uniform_d3_n64_test.npz,8.0,2000.0,0.7981666666666667,0.9698870134842981,checkpoints/ablations/depth2_rank_knn_linf.pt
depth2_rank_knn_linf,graph,uniform_d3_n64_test,data/uniform_d3_n64_test.npz,16.0,2000.0,0.93025,0.9927098418697667,checkpoints/ablations/depth2_rank_knn_linf.pt
flat_mlp,graph,uniform_d3_n64_test,data/uniform_d3_n64_test.npz,4.0,2000.0,0.08308333333333333,0.42230777211228737,checkpoints/ablations/flat_mlp.pt
flat_mlp,graph,uniform_d3_n64_test,data/uniform_d3_n64_test.npz,8.0,2000.0,0.14816666666666667,0.6111085276996422,checkpoints/ablations/flat_mlp.pt
flat_mlp,graph,uniform_d3_n64_test,data/uniform_d3_n64_test.npz,16.0,2000.0,0.2761666666666666,0.7757875123811925,checkpoints/ablations/flat_mlp.pt
knn_euclidean,graph,uniform_d3_n64_test,data/uniform_d3_n64_test.npz,4.0,2000.0,0.6225,0.891358905206696,checkpoints/ablations/knn_euclidean.pt
knn_euclidean,graph,uniform_d3_n64_test,data/uniform_d3_n64_test.npz,8.0,2000.0,0.8035833333333332,0.9721793069266168,checkpoints/ablations/knn_euclidean.pt
knn_euclidean,graph,uniform_d3_n64_test,data/uniform_d3_n64_test.npz,16.0,2000.0,0.9353333333333332,0.9935533368625672,checkpoints/ablations/knn_euclidean.pt
knn_linf,graph,uniform_d3_n64_test,data/uniform_d3_n64_test.npz,4.0,2000.0,0.59625,0.8839236735601553,checkpoints/ablations/knn_linf.pt
knn_linf,graph,uniform_d3_n64_test,data/uniform_d3_n64_test.npz,8.0,2000.0,0.7895,0.9686374561331392,checkpoints/ablations/knn_linf.pt
knn_linf,graph,uniform_d3_n64_test,data/uniform_d3_n64_test.npz,16.0,2000.0,0.9276666666666666,0.9921521735397214,checkpoints/ablations/knn_linf.pt
local,local,uniform_d3_n64_test,data/uniform_d3_n64_test.npz,4.0,2000.0,0.18891666666666665,0.7145895475867196,
local,local,uniform_d3_n64_test,data/uniform_d3_n64_test.npz,8.0,2000.0,0.28583333333333333,0.7931688155802801,
local,local,uniform_d3_n64_test,data/uniform_d3_n64_test.npz,16.0,2000.0,0.44566666666666666,0.875457001751698,
random,random,uniform_d3_n64_test,data/uniform_d3_n64_test.npz,4.0,2000.0,0.0845,0.41791085030083713,
random,random,uniform_d3_n64_test,data/uniform_d3_n64_test.npz,8.0,2000.0,0.15441666666666665,0.6086821573339157,
random,random,uniform_d3_n64_test,data/uniform_d3_n64_test.npz,16.0,2000.0,0.26441666666666663,0.7718450520309031,
rank_adjacency,graph,uniform_d3_n64_test,data/uniform_d3_n64_test.npz,4.0,2000.0,0.6496666666666666,0.8881167395463183,checkpoints/ablations/rank_adjacency.pt
rank_adjacency,graph,uniform_d3_n64_test,data/uniform_d3_n64_test.npz,8.0,2000.0,0.8276666666666667,0.9736180966112751,checkpoints/ablations/rank_adjacency.pt
rank_adjacency,graph,uniform_d3_n64_test,data/uniform_d3_n64_test.npz,16.0,2000.0,0.9398333333333333,0.9932691303046546,checkpoints/ablations/rank_adjacency.pt
rank_knn_euclidean,graph,uniform_d3_n64_test,data/uniform_d3_n64_test.npz,4.0,2000.0,0.6175833333333333,0.8868330285578171,checkpoints/ablations/rank_knn_euclidean.pt
rank_knn_euclidean,graph,uniform_d3_n64_test,data/uniform_d3_n64_test.npz,8.0,2000.0,0.80775,0.9716591016290174,checkpoints/ablations/rank_knn_euclidean.pt
rank_knn_euclidean,graph,uniform_d3_n64_test,data/uniform_d3_n64_test.npz,16.0,2000.0,0.93275,0.9922903917923416,checkpoints/ablations/rank_knn_euclidean.pt
rank_knn_linf,graph,uniform_d3_n64_test,data/uniform_d3_n64_test.npz,4.0,2000.0,0.6075833333333333,0.8842758437432301,checkpoints/ablations/rank_knn_linf.pt
rank_knn_linf,graph,uniform_d3_n64_test,data/uniform_d3_n64_test.npz,8.0,2000.0,0.7981666666666667,0.9698870134842981,checkpoints/ablations/rank_knn_linf.pt
rank_knn_linf,graph,uniform_d3_n64_test,data/uniform_d3_n64_test.npz,16.0,2000.0,0.93025,0.9927098418697667,checkpoints/ablations/rank_knn_linf.pt
depth0_no_graph,graph,uniform_d4_n64_test,data/uniform_d4_n64_test.npz,4.0,1000.0,0.35758333333333336,0.6074983699993252,checkpoints/ablations/depth0_no_graph.pt
depth0_no_graph,graph,uniform_d4_n64_test,data/uniform_d4_n64_test.npz,8.0,1000.0,0.5226666666666666,0.8418107756169302,checkpoints/ablations/depth0_no_graph.pt
depth0_no_graph,graph,uniform_d4_n64_test,data/uniform_d4_n64_test.npz,16.0,1000.0,0.7098333333333333,0.9409274257988919,checkpoints/ablations/depth0_no_graph.pt
depth1_rank_knn_linf,graph,uniform_d4_n64_test,data/uniform_d4_n64_test.npz,4.0,1000.0,0.4665,0.7464110644791528,checkpoints/ablations/depth1_rank_knn_linf.pt
depth1_rank_knn_linf,graph,uniform_d4_n64_test,data/uniform_d4_n64_test.npz,8.0,1000.0,0.66,0.925612202363665,checkpoints/ablations/depth1_rank_knn_linf.pt
depth1_rank_knn_linf,graph,uniform_d4_n64_test,data/uniform_d4_n64_test.npz,16.0,1000.0,0.8465,0.9795541699664898,checkpoints/ablations/depth1_rank_knn_linf.pt
depth2_rank_knn_linf,graph,uniform_d4_n64_test,data/uniform_d4_n64_test.npz,4.0,1000.0,0.48725,0.7690765106783974,checkpoints/ablations/depth2_rank_knn_linf.pt
depth2_rank_knn_linf,graph,uniform_d4_n64_test,data/uniform_d4_n64_test.npz,8.0,1000.0,0.67975,0.9327738911793413,checkpoints/ablations/depth2_rank_knn_linf.pt
depth2_rank_knn_linf,graph,uniform_d4_n64_test,data/uniform_d4_n64_test.npz,16.0,1000.0,0.8545,0.9800115666558363,checkpoints/ablations/depth2_rank_knn_linf.pt
knn_euclidean,graph,uniform_d4_n64_test,data/uniform_d4_n64_test.npz,4.0,1000.0,0.4969166666666666,0.7716418464602188,checkpoints/ablations/knn_euclidean.pt
knn_euclidean,graph,uniform_d4_n64_test,data/uniform_d4_n64_test.npz,8.0,1000.0,0.69425,0.9343307772302414,checkpoints/ablations/knn_euclidean.pt
knn_euclidean,graph,uniform_d4_n64_test,data/uniform_d4_n64_test.npz,16.0,1000.0,0.86275,0.9821803871225332,checkpoints/ablations/knn_euclidean.pt
knn_linf,graph,uniform_d4_n64_test,data/uniform_d4_n64_test.npz,4.0,1000.0,0.4843333333333334,0.7639553766789857,checkpoints/ablations/knn_linf.pt
knn_linf,graph,uniform_d4_n64_test,data/uniform_d4_n64_test.npz,8.0,1000.0,0.6869166666666667,0.9341738071924875,checkpoints/ablations/knn_linf.pt
knn_linf,graph,uniform_d4_n64_test,data/uniform_d4_n64_test.npz,16.0,1000.0,0.85925,0.9811792661974604,checkpoints/ablations/knn_linf.pt
local,local,uniform_d4_n64_test,data/uniform_d4_n64_test.npz,4.0,1000.0,0.14616666666666667,0.6106415771974417,
local,local,uniform_d4_n64_test,data/uniform_d4_n64_test.npz,8.0,1000.0,0.2345,0.7183068605988967,
local,local,uniform_d4_n64_test,data/uniform_d4_n64_test.npz,16.0,1000.0,0.37825,0.8226363424139506,
random,random,uniform_d4_n64_test,data/uniform_d4_n64_test.npz,4.0,1000.0,0.09125,0.38013957355634614,
random,random,uniform_d4_n64_test,data/uniform_d4_n64_test.npz,8.0,1000.0,0.15633333333333332,0.5695931847303093,
random,random,uniform_d4_n64_test,data/uniform_d4_n64_test.npz,16.0,1000.0,0.27725,0.7564848281879305,
rank_adjacency,graph,uniform_d4_n64_test,data/uniform_d4_n64_test.npz,4.0,1000.0,0.51325,0.7783733051091751,checkpoints/ablations/rank_adjacency.pt
rank_adjacency,graph,uniform_d4_n64_test,data/uniform_d4_n64_test.npz,8.0,1000.0,0.7194166666666666,0.939838783795089,checkpoints/ablations/rank_adjacency.pt
rank_adjacency,graph,uniform_d4_n64_test,data/uniform_d4_n64_test.npz,16.0,1000.0,0.88025,0.9822428722510629,checkpoints/ablations/rank_adjacency.pt
rank_knn_euclidean,graph,uniform_d4_n64_test,data/uniform_d4_n64_test.npz,4.0,1000.0,0.4920833333333333,0.7772915750308366,checkpoints/ablations/rank_knn_euclidean.pt
rank_knn_euclidean,graph,uniform_d4_n64_test,data/uniform_d4_n64_test.npz,8.0,1000.0,0.6833333333333332,0.9344751172864519,checkpoints/ablations/rank_knn_euclidean.pt
rank_knn_euclidean,graph,uniform_d4_n64_test,data/uniform_d4_n64_test.npz,16.0,1000.0,0.85525,0.9811689576951467,checkpoints/ablations/rank_knn_euclidean.pt
rank_knn_linf,graph,uniform_d4_n64_test,data/uniform_d4_n64_test.npz,4.0,1000.0,0.48725,0.7690765106783974,checkpoints/ablations/rank_knn_linf.pt
rank_knn_linf,graph,uniform_d4_n64_test,data/uniform_d4_n64_test.npz,8.0,1000.0,0.67975,0.9327738911793413,checkpoints/ablations/rank_knn_linf.pt
rank_knn_linf,graph,uniform_d4_n64_test,data/uniform_d4_n64_test.npz,16.0,1000.0,0.8545,0.9800115666558363,checkpoints/ablations/rank_knn_linf.pt
